{"cameraMode":{"drawMode":0,"name":"Shaded","section":"Shading Mode"},"sceneLighting":true,"audioPlay":false,"sceneViewState":{"m_AlwaysRefresh":false,"showFog":true,"showSkybox":true,"showFlares":true,"showImageEffects":true,"showParticleSystems":true,"showVisualEffectGraphs":true,"m_FxEnabled":true},"in2DMode":false,"pivot":{"x":-18.032997131347658,"y":25.186748504638673,"z":-4.676572799682617},"rotation":{"x":-0.2821224331855774,"y":-0.07099564373493195,"z":0.020949870347976686,"w":-0.9565378427505493},"size":13.236030578613282,"orthographic":false}