{"cameraMode":{"drawMode":0,"name":"Shaded","section":"Shading Mode"},"sceneLighting":true,"audioPlay":false,"sceneViewState":{"m_AlwaysRefresh":false,"showFog":true,"showSkybox":true,"showFlares":true,"showImageEffects":true,"showParticleSystems":true,"showVisualEffectGraphs":true,"m_FxEnabled":true},"in2DMode":false,"pivot":{"x":11.08133316040039,"y":0.6531734466552734,"z":12.140880584716797},"rotation":{"x":-0.4040416479110718,"y":-0.07205670326948166,"z":0.03194613382220268,"w":-0.9113390445709229},"size":34.233402252197269,"orthographic":false}